<company>
	<employee ssn="888665555">
		<fname>James</fname>
		<minit>E</minit>
		<lname>Borg</lname>
		<bdate>10-NOV-27</bdate>
		<address>450 Stone, Houston, TX</address>
		<sex>M</sex>
		<salary>55000</salary>
		<superssn>null</superssn>
		<dno>1</dno>
	</employee>
	<employee ssn="333445555">
		<fname>Franklin</fname>
		<minit>T</minit>
		<lname>Wong</lname>
		<bdate>08-DEC-45</bdate>
		<address>638 Voss, Houston, TX</address>
		<sex>M</sex>
		<salary>40000</salary>
		<superssn>888665555</superssn>
		<dno>5</dno>
	</employee>
	<employee ssn="987654321">
		<fname>Jennifer</fname>
		<minit>S</minit>
		<lname>Wallace</lname>
		<ssn>987654321</ssn>
		<bdate>20-JUN-31</bdate>
		<address>291 Berry, Bellaire, TX</address>
		<sex>F</sex>
		<salary>43000</salary>
		<superssn>888665555</superssn>
		<dno>4</dno>
	</employee>
	<employee ssn="111111100">
		<fname>Jared</fname>
		<minit>D</minit>
		<lname>James</lname>
		<bdate>10-OCT-1966</bdate>
		<address>123 Peachtree, Atlanta, GA</address>
		<sex>M</sex>
		<salary>85000</salary>
		<superssn>null</superssn>
		<dno>6</dno>
	</employee>
	<employee ssn="444444400">
		<fname>Alex</fname>
		<minit>D</minit>
		<lname>Freed</lname>
		<bdate>09-OCT-1950</bdate>
		<address>4333 Pillsbury, Milwaukee, WI</address>
		<sex>M</sex>
		<salary>89000</salary>
		<superssn>null</superssn>
		<dno>7</dno>
	</employee>
	<employee ssn="555555500">
		<fname>John</fname>
		<minit>C</minit>
		<lname>James</lname>
		<bdate>30-JUN-1975</bdate>
		<address>7676 Bloomington, Sacramento, CA</address>
		<sex>M</sex>
		<salary>81000</salary>
		<superssn>null</superssn>
		<dno>6</dno>
	</employee>
	<employee ssn="123456789">
		<fname>John</fname>
		<minit>B</minit>
		<lname>Smith</lname>
		<bdate>09-Jan-55</bdate>
		<address>731 Fondren, Houston, TX</address>
		<sex>M</sex>
		<salary>30000</salary>
		<superssn>333445555</superssn>
		<dno>5</dno>
	</employee>
	<employee ssn="999887777">
		<fname>Alicia</fname>
		<minit>J</minit>
		<lname>Zelaya</lname>
		<bdate>19-JUL-58</bdate>
		<address>3321 Castle, Spring, TX</address>
		<sex>F</sex>
		<salary>25000</salary>
		<superssn>987654321</superssn>
		<dno>4</dno>
	</employee>
	<employee ssn="666884444">
		<fname>Ramesh</fname>
		<minit>K</minit>
		<lname>Narayan</lname>
		<bdate>15-SEP-52</bdate>
		<address>971 Fire Oak, Humble, TX</address>
		<sex>M</sex>
		<salary>38000</salary>
		<superssn>333445555</superssn>
		<dno>5</dno>
	</employee>
	<employee ssn="453453453">
		<fname>Joyce</fname>
		<minit>A</minit>
		<lname>English</lname>
		<bdate>31-JUL-62</bdate>
		<address>5631 Rice Oak, Houston, TX</address>
		<sex>F</sex>
		<salary>25000</salary>
		<superssn>333445555</superssn>
		<dno>5</dno>
	</employee>
	<employee ssn="987987987">
		<fname>Ahmad</fname>
		<minit>V</minit>
		<lname>Jabbar</lname>
		<bdate>29-MAR-59</bdate>
		<address>980 Dallas, Houston, TX</address>
		<sex>M</sex>
		<salary>25000</salary>
		<superssn>987654321</superssn>
		<dno>4</dno>
	</employee>
	<employee ssn="111111101">
		<fname>Jon</fname>
		<minit>C</minit>
		<lname>Jones</lname>
		<bdate>14-NOV-1967</bdate>
		<address>111 Allgood, Atlanta, GA</address>
		<sex>M</sex>
		<salary>45000</salary>
		<superssn>111111100</superssn>
		<dno>6</dno>
	</employee>
	<employee ssn="111111102">
		<fname>Justin</fname>
		<minit>null</minit>
		<lname>Mark</lname>
		<bdate>12-JAN-1966</bdate>
		<address>2342 May, Atlanta, GA</address>
		<sex>M</sex>
		<salary>40000</salary>
		<superssn>111111100</superssn>
		<dno>6</dno>
	</employee>
	<employee ssn="111111103">
		<fname>Brad</fname>
		<minit>C</minit>
		<lname>Knight</lname>
		<bdate>13-FEB-1968</bdate>
		<address>176 Main St., Atlanta, GA</address>
		<sex>M</sex>
		<salary>44000</salary>
		<superssn>111111100</superssn>
		<dno>6</dno>
	</employee>
	<employee ssn="222222200">
		<fname>Evan</fname>
		<minit>E</minit>
		<lname>Wallis</lname>
		<bdate>16-JAN-1958</bdate>
		<address>134 Pelham, Milwaukee, WI</address>
		<sex>M</sex>
		<salary>92000</salary>
		<superssn>null</superssn>
		<dno>7</dno>
	</employee>
	<employee ssn="222222201">
		<fname>Josh</fname>
		<minit>U</minit>
		<lname>Zell</lname>
		<bdate>22-MAY-1954</bdate>
		<address>266 McGrady, Milwaukee, WI</address>
		<sex>M</sex>
		<salary>56000</salary>
		<superssn>222222200</superssn>
		<dno>7</dno>
	</employee>
	<employee ssn="222222202">
		<fname>Andy</fname>
		<minit>C</minit>
		<lname>Vile</lname>
		<bdate>21-JUN-1944</bdate>
		<address>1967 Jordan, Milwaukee, WI</address>
		<sex>M</sex>
		<salary>53000</salary>
		<superssn>222222200</superssn>
		<dno>7</dno>
	</employee>
	<employee ssn="222222203">
		<fname>Tom</fname>
		<minit>G</minit>
		<lname>Brand</lname>
		<bdate>16-DEC-1966</bdate>
		<address>112 Third St, Milwaukee, WI</address>
		<sex>M</sex>
		<salary>62500</salary>
		<superssn>222222200</superssn>
		<dno>7</dno>
	</employee>
	<employee ssn="222222204">
		<fname>Jenny</fname>
		<minit>F</minit>
		<lname>Vos</lname>
		<bdate>11-NOV-1967</bdate>
		<address>263 Mayberry, Milwaukee, WI</address>
		<sex>F</sex>
		<salary>61000</salary>
		<superssn>222222201</superssn>
		<dno>7</dno>
	</employee>
	<employee ssn="222222205">
		<fname>Chris</fname>
		<minit>A</minit>
		<lname>Carter</lname>
		<bdate>21-MAR-1960</bdate>
		<address>565 Jordan, Milwaukee, WI</address>
		<sex>F</sex>
		<salary>43000</salary>
		<superssn>222222201</superssn>
		<dno>7</dno>
	</employee>
	<employee ssn="333333300">
		<fname>Kim</fname>
		<minit>C</minit>
		<lname>Grace</lname>
		<bdate>23-OCT-1970</bdate>
		<address>6677 Mills Ave, Sacramento, CA</address>
		<sex>F</sex>
		<salary>79000</salary>
		<superssn>null</superssn>
		<dno>6</dno>
	</employee>
	<employee ssn="333333301">
		<fname>Jeff</fname>
		<minit>H</minit>
		<lname>Chase</lname>
		<bdate>07-JAN-1970</bdate>
		<address>145 Bradbury, Sacramento, CA</address>
		<sex>M</sex>
		<salary>44000</salary>
		<superssn>333333300</superssn>
		<dno>6</dno>
	</employee>
	<employee ssn="444444401">
		<fname>Bonnie</fname>
		<minit>S</minit>
		<lname>Bays</lname>
		<bdate>19-JUN-1956</bdate>
		<address>111 Hollow, Milwaukee, WI</address>
		<sex>F</sex>
		<salary>70000</salary>
		<superssn>444444400</superssn>
		<dno>7</dno>
	</employee>
	<employee ssn="444444402">
		<fname>Alec</fname>
		<minit>C</minit>
		<lname>Best</lname>
		<bdate>18-JUN-1966</bdate>
		<address>233 Solid, Milwaukee, WI</address>
		<sex>M</sex>
		<salary>60000</salary>
		<superssn>444444400</superssn>
		<dno>7</dno>
	</employee>
	<employee ssn="444444403">
		<fname>Sam</fname>
		<minit>S</minit>
		<lname>Snedden</lname>
		<bdate>31-JUL-1977</bdate>
		<address>987 Windy St, Milwaukee, WI</address>
		<sex>M</sex>
		<salary>48000</salary>
		<superssn>444444400</superssn>
		<dno>7</dno>
	</employee>
	<employee ssn="555555501">
		<fname>Nandita</fname>
		<minit>K</minit>
		<lname>Ball</lname>
		<bdate>16-APR-1969</bdate>
		<address>222 Howard, Sacramento, CA</address>
		<sex>M</sex>
		<salary>62000</salary>
		<superssn>555555500</superssn>
		<dno>6</dno>
	</employee>
	<employee ssn="666666600">
		<fname>Bob</fname>
		<minit>B</minit>
		<lname>Bender</lname>
		<bdate>17-APR-1968</bdate>
		<address>8794 Garfield, Chicago, IL</address>
		<sex>M</sex>
		<salary>96000</salary>
		<superssn>null</superssn>
		<dno>8</dno>
	</employee>
	<employee ssn="666666601">
		<fname>Jill</fname>
		<minit>J</minit>
		<lname>Jarvis</lname>
		<bdate>14-JAN-1966</bdate>
		<address>6234 Lincoln, Chicago, IL</address>
		<sex>F</sex>
		<salary>36000</salary>
		<superssn>666666600</superssn>
		<dno>8</dno>
	</employee>
	<employee ssn="666666602">
		<fname>Kate</fname>
		<minit>W</minit>
		<lname>King</lname>
		<bdate>16-APR-1966</bdate>
		<address>1976 Boone Trace, Chicago, IL</address>
		<sex>F</sex>
		<salary>44000</salary>
		<superssn>666666600</superssn>
		<dno>8</dno>
	</employee>
	<employee ssn="666666603">
		<fname>Lyle</fname>
		<minit>G</minit>
		<lname>Leslie</lname>
		<bdate>09-JUN-1963</bdate>
		<address>417 Hancock Ave, Chicago, IL</address>
		<sex>M</sex>
		<salary>41000</salary>
		<superssn>666666601</superssn>
		<dno>8</dno>
	</employee>
	<employee ssn="666666604">
		<fname>Billie</fname>
		<minit>J</minit>
		<lname>King</lname>
		<bdate>01-JAN-1960</bdate>
		<address>556 Washington, Chicago, IL</address>
		<sex>F</sex>
		<salary>38000</salary>
		<superssn>666666603</superssn>
		<dno>8</dno>
	</employee>
	<employee ssn="666666605">
		<fname>Jon</fname>
		<minit>A</minit>
		<lname>Kramer</lname>
		<bdate>22-AUG-1964</bdate>
		<address>1988 Windy Creek, Seattle, WA</address>
		<sex>M</sex>
		<salary>41500</salary>
		<superssn>666666603</superssn>
		<dno>8</dno>
	</employee>
	<employee ssn="666666606">
		<fname>Ray</fname>
		<minit>H</minit>
		<lname>King</lname>
		<bdate>16-AUG-1949</bdate>
		<address>213 Delk Road, Seattle, WA</address>
		<sex>M</sex>
		<salary>44500</salary>
		<superssn>666666604</superssn>
		<dno>8</dno>
	</employee>
	<employee ssn="666666607">
		<fname>Gerald</fname>
		<minit>D</minit>
		<lname>Small</lname>
		<bdate>15-MAY-1962</bdate>
		<address>122 Ball Street, Dallas, TX</address>
		<sex>M</sex>
		<salary>29000</salary>
		<superssn>666666602</superssn>
		<dno>8</dno>
	</employee>
	<employee ssn="666666608">
		<fname>Arnold</fname>
		<minit>A</minit>
		<lname>Head</lname>
		<bdate>19-MAY-1967</bdate>
		<address>233 Spring St, Dallas, TX</address>
		<sex>M</sex>
		<salary>33000</salary>
		<superssn>666666602</superssn>
		<dno>8</dno>
	</employee>
	<employee ssn="666666609">
		<fname>Helga</fname>
		<minit>C</minit>
		<lname>Pataki</lname>
		<bdate>11-MAR-1969</bdate>
		<address>101 Holyoke St, Dallas, TX</address>
		<sex>F</sex>
		<salary>32000</salary>
		<superssn>666666602</superssn>
		<dno>8</dno>
	</employee>
	<employee ssn="666666610">
		<fname>Naveen</fname>
		<minit>B</minit>
		<lname>Drew</lname>
		<bdate>23-MAY-1970</bdate>
		<address>198 Elm St, Philadelphia, PA</address>
		<sex>M</sex>
		<salary>34000</salary>
		<superssn>666666607</superssn>
		<dno>8</dno>
	</employee>
	<employee ssn="666666611">
		<fname>Carl</fname>
		<minit>E</minit>
		<lname>Reedy</lname>
		<bdate>21-JUN-1977</bdate>
		<address>213 Ball St, Philadelphia, PA</address>
		<sex>M</sex>
		<salary>32000</salary>
		<superssn>666666610</superssn>
		<dno>8</dno>
	</employee>
	<employee ssn="666666612">
		<fname>Sammy</fname>
		<minit>G</minit>
		<lname>Hall</lname>
		<bdate>11-JAN-1970</bdate>
		<address>433 Main Street, Miami, FL</address>
		<sex>M</sex>
		<salary>37000</salary>
		<superssn>666666611</superssn>
		<dno>8</dno>
	</employee>
	<employee ssn="666666613">
		<fname>Red</fname>
		<minit>A</minit>
		<lname>Bacher</lname>
		<bdate>21-MAY-1980</bdate>
		<address>196 Elm Street, Miami, FL</address>
		<sex>M</sex>
		<salary>33500</salary>
		<superssn>666666612</superssn>
		<dno>8</dno>
	</employee>
  
	<department dnumber="5">
		<dname>Research</dname>
		<mgrssn>333445555</mgrssn>
		<mgrstartdate>22-MAY-78</mgrstartdate>
	</department>
	<department dnumber="4">
		<dname>Administration</dname>
		<mgrssn>987654321</mgrssn>
		<mgrstartdate>01-JAN-85</mgrstartdate>
	</department>
	<department dnumber="1">
		<dname>Headquarters</dname>
		<mgrssn>888665555</mgrssn>
		<mgrstartdate>19-JUN-71</mgrstartdate>
	</department>
	<department dnumber="6">
		<dname>Software</dname>
		<mgrssn>111111100</mgrssn>
		<mgrstartdate>15-MAY-1999</mgrstartdate>
	</department>
	<department dnumber="7">
		<dname>Hardware</dname>
		<mgrssn>444444400</mgrssn>
		<mgrstartdate>15-MAY-1998</mgrstartdate>
	</department>
	<department dnumber="8">
		<dname>Sales</dname>
		<mgrssn>555555500</mgrssn>
		<mgrstartdate>01-JAN-1997</mgrstartdate>
	</department>
  
	<dept_locations dnumber="1" dlocation="Houston" />
	<dept_locations dnumber="4" dlocation="Stafford" />
	<dept_locations dnumber="5" dlocation="Bellaire" />
	<dept_locations dnumber="5" dlocation="Sugarland" />
	<dept_locations dnumber="5" dlocation="Houston" />
	<dept_locations dnumber="6" dlocation="Atlanta" />
	<dept_locations dnumber="6" dlocation="Sacramento" />
	<dept_locations dnumber="7" dlocation="Milwau" />
	<dept_locations dnumber="8" dlocation="Chicago" />
	<dept_locations dnumber="8" dlocation="Dallas" />
	<dept_locations dnumber="8" dlocation="Philadephia" />
	<dept_locations dnumber="8" dlocation="Seattle" />
	<dept_locations dnumber="8" dlocation="Miami" />

	<project pnumber="1">
		<pname>ProductX</pname>
		<plocation>Bellaire</plocation>
		<dnum>5</dnum>
	</project>
	<project pnumber="2">
		<pname>ProductY</pname>
		<plocation>Sugarland</plocation>
		<dnum>5</dnum>
	</project>
	<project pnumber="3">
		<pname>ProductZ</pname>
		<plocation>Houston</plocation>
		<dnum>5</dnum>
	</project>>
	<project pnumber="10">
		<pname>Computerization</pname>
		<plocation>Stafford</plocation>
		<dnum>4</dnum>
	</project>
	<project pnumber="20">
		<pname>Reorganization</pname>
		<plocation>Houston</plocation>
		<dnum>1</dnum>
	</project>
	<project pnumber="30">
		<pname>Newbenefits</pname>
		<plocation>Stafford</plocation>
		<dnum>4</dnum>
	</project>
	<project pnumber="61">
		<pname>OperatingSystems</pname>
		<plocation>Jacksonville</plocation>
		<dnum>6</dnum>
	</project>
	<project pnumber="62">
		<pname>DatabaseSystems</pname>
		<plocation>Birmingham</plocation>
		<dnum>6</dnum>
	</project>
	<project pnumber="63">
		<pname>Middleware</pname>
		<plocation>Jackson</plocation>
		<dnum>6</dnum>
	</project>
	<project pnumber="91">
		<pname>InkjetPrinters</pname>
		<plocation>Phoenix</plocation>
		<dnum>7</dnum>
	</project>
	<project pnumber="92">
		<pname>LaserPrinters</pname>
		<plocation>LasVegas</plocation>
		<dnum>7</dnum>
	</project>
  
	<dependent dep_no="1">
		<essn>333445555</essn>
		<dependent_name>Alice</dependent_name>
		<sex>F</sex>
		<bdate>05-APR-76</bdate>
		<relationship>Daughter</relationship>
	</dependent>
	<dependent dep_no="2">
		<essn>333445555</essn>
		<dependent_name>Theodore</dependent_name>
		<sex>M</sex>
		<bdate>25-OCT-73</bdate>
		<relationship>Son</relationship>
	</dependent>
	<dependent dep_no="3">
		<essn>333445555</essn>
		<dependent_name>Joy</dependent_name>
		<sex>F</sex>
		<bdate>03-MAY-48</bdate>
		<relationship>Spouse</relationship>
	</dependent>
	<dependent dep_no="4">
		<essn>987654321</essn>
		<dependent_name>Abner</dependent_name>
		<sex>M</sex>
		<bdate>29-FEB-32</bdate>
		<relationship>Spouse</relationship>
	</dependent>
	<dependent dep_no="5">
		<essn>123456789</essn>
		<dependent_name>Michael</dependent_name>
		<sex>M</sex>
		<bdate>01-JAN-78</bdate>
		<relationship>Son</relationship>
	</dependent>
	<dependent dep_no="6">
		<essn>123456789</essn>
		<dependent_name>Alice</dependent_name>
		<sex>F</sex>
		<bdate>31-DEC-78</bdate>
		<relationship>Daughter</relationship>
	</dependent>
	<dependent dep_no="7">
		<essn>123456789</essn>
		<dependent_name>Elizabeth</dependent_name>
		<sex>F</sex>
		<bdate>05-MAY-57</bdate>
		<relationship>Spouse</relationship>
	</dependent>
	<dependent dep_no="8">
		<essn>444444400</essn>
		<dependent_name>Johnny</dependent_name>
		<sex>M</sex>
		<bdate>04-APR-1997</bdate>
		<relationship>Son</relationship>
	</dependent>
	<dependent dep_no="9">
		<essn>444444400</essn>
		<dependent_name>Tommy</dependent_name>
		<sex>M</sex>
		<bdate>07-JUN-1999</bdate>
		<relationship>Son</relationship>
	</dependent>
	<dependent dep_no="10">
		<essn>444444401</essn>
		<dependent_name>Chris</dependent_name>
		<sex>M</sex>
		<bdate>19-APR-1969</bdate>
		<relationship>Spouse</relationship>
	</dependent>
	<dependent dep_no="11">>
		<essn>444444402</essn>
		<dependent_name>Sam</dependent_name>
		<sex>M</sex>
		<bdate>14-FEB-1964</bdate>
		<relationship>Spouse</relationship>
	</dependent>
	<dependent dep_no="12">
		<essn>222222205</essn>
		<dependent_name>Chris</dependent_name>
		<sex>M</sex>
		<bdate>19-APR-1969</bdate>
		<relationship>Spouse</relationship>
	</dependent>
  
	<works_on essn="123456789" pno="1">
		<hours>32.5</hours>
	</works_on>
	<works_on essn="123456789" pno="2">
		<hours>7.5</hours>
	</works_on>
	<works_on essn="666884444" pno="3">
		<hours>40</hours>
	</works_on>
	<works_on essn="453453453" pno="1">
		<hours>20</hours>
	</works_on>
	<works_on essn="453453453" pno="2">
		<hours>20</hours>
	</works_on>
	<works_on essn="333445555" pno="2">
		<hours>10</hours>
	</works_on>
	<works_on essn="333445555" pno="3">
		<hours>10</hours>
	</works_on>
	<works_on essn="333445555" pno="10">
		<hours>10</hours>
	</works_on>
	<works_on essn="333445555" pno="20">
		<hours>10</hours>
	</works_on>
	<works_on essn="999887777" pno="30">
		<hours>30</hours>
	</works_on>
	<works_on essn="999887777" pno="10">
		<hours>10</hours>
	</works_on>
	<works_on essn="987987987" pno="10">
		<hours>35</hours>
	</works_on>
	<works_on essn="987987987" pno="30">
		<hours>5</hours>
	</works_on>
	<works_on essn="987654321" pno="30">
		<hours>20</hours>
	</works_on>
	<works_on essn="987654321" pno="20">
		<hours>15</hours>
	</works_on>
	<works_on essn="888665555" pno="2">
		<hours>null</hours>
	</works_on>
	<works_on essn="111111100" pno="61">
		<hours>40</hours>
	</works_on>
	<works_on essn="111111101" pno="61">
		<hours>40</hours>
	</works_on>
	<works_on essn="111111102" pno="61">
		<hours>40</hours>
	</works_on>
	<works_on essn="111111103" pno="61">
		<hours>40</hours>
	</works_on>
	<works_on essn="222222200" pno="62">
		<hours>40</hours>
	</works_on>
	<works_on essn="222222201" pno="62">
		<hours>48</hours>
	</works_on>
	<works_on essn="222222202" pno="62">
		<hours>40</hours>
	</works_on>
	<works_on essn="222222203" pno="62">
		<hours>40</hours>
	</works_on>
	<works_on essn="222222204" pno="62">
		<hours>40</hours>
	</works_on>
	<works_on essn="222222205" pno="62">
		<hours>40</hours>
	</works_on>
	<works_on essn="333333300" pno="63">
		<hours>40</hours>
	</works_on>
	<works_on essn="333333301" pno="63">
		<hours>46</hours>
	</works_on>
	<works_on essn="444444400" pno="91">
		<hours>40</hours>
	</works_on>
	<works_on essn="444444401" pno="91">
		<hours>40</hours>
	</works_on>
	<works_on essn="444444402" pno="91">
		<hours>40</hours>
	</works_on>
	<works_on essn="444444403" pno="91">
		<hours>40</hours>
	</works_on>
	<works_on essn="555555500" pno="92">
		<hours>40</hours>
	</works_on>
	<works_on essn="555555501" pno="92">
		<hours>44</hours>
	</works_on>
	<works_on essn="666666601" pno="91">
		<hours>40</hours>
	</works_on>
	<works_on essn="666666603" pno="91">
		<hours>40</hours>
	</works_on>
	<works_on essn="666666604" pno="91">
		<hours>40</hours>
	</works_on>
	<works_on essn="666666605" pno="92">
		<hours>40</hours>
	</works_on>
	<works_on essn="666666606" pno="91">
		<hours>40</hours>
	</works_on>
	<works_on essn="666666607" pno="61">
		<hours>40</hours>
	</works_on>
	<works_on essn="666666608" pno="62">
		<hours>40</hours>
	</works_on>
	<works_on essn="666666609" pno="63">
		<hours>40</hours>
	</works_on>
	<works_on essn="666666610" pno="61">
		<hours>40</hours>
	</works_on>
	<works_on essn="666666611" pno="61">
		<hours>40</hours>
	</works_on>
	<works_on essn="666666612" pno="61">
		<hours>40</hours>
	</works_on>
	<works_on essn="666666613" pno="61">
		<hours>30</hours>
	</works_on>
	<works_on essn="666666613" pno="62">
		<hours>10</hours>
	</works_on>
	<works_on essn="666666613" pno="63">
		<hours>10</hours>
	</works_on>
</company>